"","archive","date","count"
"1","arXiv q-bio",2007-01-01,40
"2","Nature Precedings",2007-01-01,3
"3","F1000Research",2007-01-01,0
"4","PeerJ Preprints",2007-01-01,0
"5","bioRxiv",2007-01-01,0
"6","Winnower",2007-01-01,0
"7","preprints.org",2007-01-01,0
"8","Wellcome Open Research",2007-01-01,0
"9","arXiv q-bio",2007-02-01,44
"10","Nature Precedings",2007-02-01,0
"11","F1000Research",2007-02-01,0
"12","PeerJ Preprints",2007-02-01,0
"13","bioRxiv",2007-02-01,0
"14","Winnower",2007-02-01,0
"15","preprints.org",2007-02-01,0
"16","Wellcome Open Research",2007-02-01,0
"17","arXiv q-bio",2007-03-01,55
"18","Nature Precedings",2007-03-01,0
"19","F1000Research",2007-03-01,0
"20","PeerJ Preprints",2007-03-01,0
"21","bioRxiv",2007-03-01,0
"22","Winnower",2007-03-01,0
"23","preprints.org",2007-03-01,0
"24","Wellcome Open Research",2007-03-01,0
"25","arXiv q-bio",2007-04-01,41
"26","Nature Precedings",2007-04-01,0
"27","F1000Research",2007-04-01,0
"28","PeerJ Preprints",2007-04-01,0
"29","bioRxiv",2007-04-01,0
"30","Winnower",2007-04-01,0
"31","preprints.org",2007-04-01,0
"32","Wellcome Open Research",2007-04-01,0
"33","arXiv q-bio",2007-05-01,59
"34","Nature Precedings",2007-05-01,0
"35","F1000Research",2007-05-01,0
"36","PeerJ Preprints",2007-05-01,0
"37","bioRxiv",2007-05-01,0
"38","Winnower",2007-05-01,0
"39","preprints.org",2007-05-01,0
"40","Wellcome Open Research",2007-05-01,0
"41","arXiv q-bio",2007-06-01,68
"42","Nature Precedings",2007-06-01,22
"43","F1000Research",2007-06-01,0
"44","PeerJ Preprints",2007-06-01,0
"45","bioRxiv",2007-06-01,0
"46","Winnower",2007-06-01,0
"47","preprints.org",2007-06-01,0
"48","Wellcome Open Research",2007-06-01,0
"49","arXiv q-bio",2007-07-01,65
"50","Nature Precedings",2007-07-01,18
"51","F1000Research",2007-07-01,0
"52","PeerJ Preprints",2007-07-01,0
"53","bioRxiv",2007-07-01,0
"54","Winnower",2007-07-01,0
"55","preprints.org",2007-07-01,0
"56","Wellcome Open Research",2007-07-01,0
"57","arXiv q-bio",2007-08-01,72
"58","Nature Precedings",2007-08-01,29
"59","F1000Research",2007-08-01,0
"60","PeerJ Preprints",2007-08-01,0
"61","bioRxiv",2007-08-01,0
"62","Winnower",2007-08-01,0
"63","preprints.org",2007-08-01,0
"64","Wellcome Open Research",2007-08-01,0
"65","arXiv q-bio",2007-09-01,62
"66","Nature Precedings",2007-09-01,30
"67","F1000Research",2007-09-01,0
"68","PeerJ Preprints",2007-09-01,0
"69","bioRxiv",2007-09-01,0
"70","Winnower",2007-09-01,0
"71","preprints.org",2007-09-01,0
"72","Wellcome Open Research",2007-09-01,0
"73","arXiv q-bio",2007-10-01,65
"74","Nature Precedings",2007-10-01,36
"75","F1000Research",2007-10-01,0
"76","PeerJ Preprints",2007-10-01,0
"77","bioRxiv",2007-10-01,0
"78","Winnower",2007-10-01,0
"79","preprints.org",2007-10-01,0
"80","Wellcome Open Research",2007-10-01,0
"81","arXiv q-bio",2007-11-01,73
"82","Nature Precedings",2007-11-01,31
"83","F1000Research",2007-11-01,0
"84","PeerJ Preprints",2007-11-01,0
"85","bioRxiv",2007-11-01,0
"86","Winnower",2007-11-01,0
"87","preprints.org",2007-11-01,0
"88","Wellcome Open Research",2007-11-01,0
"89","arXiv q-bio",2007-12-01,67
"90","Nature Precedings",2007-12-01,31
"91","F1000Research",2007-12-01,0
"92","PeerJ Preprints",2007-12-01,0
"93","bioRxiv",2007-12-01,0
"94","Winnower",2007-12-01,0
"95","preprints.org",2007-12-01,0
"96","Wellcome Open Research",2007-12-01,0
"97","arXiv q-bio",2008-01-01,69
"98","Nature Precedings",2008-01-01,40
"99","F1000Research",2008-01-01,0
"100","PeerJ Preprints",2008-01-01,0
"101","bioRxiv",2008-01-01,0
"102","Winnower",2008-01-01,0
"103","preprints.org",2008-01-01,0
"104","Wellcome Open Research",2008-01-01,0
"105","arXiv q-bio",2008-02-01,66
"106","Nature Precedings",2008-02-01,33
"107","F1000Research",2008-02-01,0
"108","PeerJ Preprints",2008-02-01,0
"109","bioRxiv",2008-02-01,0
"110","Winnower",2008-02-01,0
"111","preprints.org",2008-02-01,0
"112","Wellcome Open Research",2008-02-01,0
"113","arXiv q-bio",2008-03-01,56
"114","Nature Precedings",2008-03-01,40
"115","F1000Research",2008-03-01,0
"116","PeerJ Preprints",2008-03-01,0
"117","bioRxiv",2008-03-01,0
"118","Winnower",2008-03-01,0
"119","preprints.org",2008-03-01,0
"120","Wellcome Open Research",2008-03-01,0
"121","arXiv q-bio",2008-04-01,56
"122","Nature Precedings",2008-04-01,47
"123","F1000Research",2008-04-01,0
"124","PeerJ Preprints",2008-04-01,0
"125","bioRxiv",2008-04-01,0
"126","Winnower",2008-04-01,0
"127","preprints.org",2008-04-01,0
"128","Wellcome Open Research",2008-04-01,0
"129","arXiv q-bio",2008-05-01,49
"130","Nature Precedings",2008-05-01,39
"131","F1000Research",2008-05-01,0
"132","PeerJ Preprints",2008-05-01,0
"133","bioRxiv",2008-05-01,0
"134","Winnower",2008-05-01,0
"135","preprints.org",2008-05-01,0
"136","Wellcome Open Research",2008-05-01,0
"137","arXiv q-bio",2008-06-01,76
"138","Nature Precedings",2008-06-01,37
"139","F1000Research",2008-06-01,0
"140","PeerJ Preprints",2008-06-01,0
"141","bioRxiv",2008-06-01,0
"142","Winnower",2008-06-01,0
"143","preprints.org",2008-06-01,0
"144","Wellcome Open Research",2008-06-01,0
"145","arXiv q-bio",2008-07-01,91
"146","Nature Precedings",2008-07-01,66
"147","F1000Research",2008-07-01,0
"148","PeerJ Preprints",2008-07-01,0
"149","bioRxiv",2008-07-01,0
"150","Winnower",2008-07-01,0
"151","preprints.org",2008-07-01,0
"152","Wellcome Open Research",2008-07-01,0
"153","arXiv q-bio",2008-08-01,60
"154","Nature Precedings",2008-08-01,45
"155","F1000Research",2008-08-01,0
"156","PeerJ Preprints",2008-08-01,0
"157","bioRxiv",2008-08-01,0
"158","Winnower",2008-08-01,0
"159","preprints.org",2008-08-01,0
"160","Wellcome Open Research",2008-08-01,0
"161","arXiv q-bio",2008-09-01,65
"162","Nature Precedings",2008-09-01,46
"163","F1000Research",2008-09-01,0
"164","PeerJ Preprints",2008-09-01,0
"165","bioRxiv",2008-09-01,0
"166","Winnower",2008-09-01,0
"167","preprints.org",2008-09-01,0
"168","Wellcome Open Research",2008-09-01,0
"169","arXiv q-bio",2008-10-01,77
"170","Nature Precedings",2008-10-01,38
"171","F1000Research",2008-10-01,0
"172","PeerJ Preprints",2008-10-01,0
"173","bioRxiv",2008-10-01,0
"174","Winnower",2008-10-01,0
"175","preprints.org",2008-10-01,0
"176","Wellcome Open Research",2008-10-01,0
"177","arXiv q-bio",2008-11-01,85
"178","Nature Precedings",2008-11-01,43
"179","F1000Research",2008-11-01,0
"180","PeerJ Preprints",2008-11-01,0
"181","bioRxiv",2008-11-01,0
"182","Winnower",2008-11-01,0
"183","preprints.org",2008-11-01,0
"184","Wellcome Open Research",2008-11-01,0
"185","arXiv q-bio",2008-12-01,81
"186","Nature Precedings",2008-12-01,44
"187","F1000Research",2008-12-01,0
"188","PeerJ Preprints",2008-12-01,0
"189","bioRxiv",2008-12-01,0
"190","Winnower",2008-12-01,0
"191","preprints.org",2008-12-01,0
"192","Wellcome Open Research",2008-12-01,0
"193","arXiv q-bio",2009-01-01,92
"194","Nature Precedings",2009-01-01,32
"195","F1000Research",2009-01-01,0
"196","PeerJ Preprints",2009-01-01,0
"197","bioRxiv",2009-01-01,0
"198","Winnower",2009-01-01,0
"199","preprints.org",2009-01-01,0
"200","Wellcome Open Research",2009-01-01,0
"201","arXiv q-bio",2009-02-01,74
"202","Nature Precedings",2009-02-01,25
"203","F1000Research",2009-02-01,0
"204","PeerJ Preprints",2009-02-01,0
"205","bioRxiv",2009-02-01,0
"206","Winnower",2009-02-01,0
"207","preprints.org",2009-02-01,0
"208","Wellcome Open Research",2009-02-01,0
"209","arXiv q-bio",2009-03-01,73
"210","Nature Precedings",2009-03-01,46
"211","F1000Research",2009-03-01,0
"212","PeerJ Preprints",2009-03-01,0
"213","bioRxiv",2009-03-01,0
"214","Winnower",2009-03-01,0
"215","preprints.org",2009-03-01,0
"216","Wellcome Open Research",2009-03-01,0
"217","arXiv q-bio",2009-04-01,89
"218","Nature Precedings",2009-04-01,51
"219","F1000Research",2009-04-01,0
"220","PeerJ Preprints",2009-04-01,0
"221","bioRxiv",2009-04-01,0
"222","Winnower",2009-04-01,0
"223","preprints.org",2009-04-01,0
"224","Wellcome Open Research",2009-04-01,0
"225","arXiv q-bio",2009-05-01,85
"226","Nature Precedings",2009-05-01,28
"227","F1000Research",2009-05-01,0
"228","PeerJ Preprints",2009-05-01,0
"229","bioRxiv",2009-05-01,0
"230","Winnower",2009-05-01,0
"231","preprints.org",2009-05-01,0
"232","Wellcome Open Research",2009-05-01,0
"233","arXiv q-bio",2009-06-01,83
"234","Nature Precedings",2009-06-01,39
"235","F1000Research",2009-06-01,0
"236","PeerJ Preprints",2009-06-01,0
"237","bioRxiv",2009-06-01,0
"238","Winnower",2009-06-01,0
"239","preprints.org",2009-06-01,0
"240","Wellcome Open Research",2009-06-01,0
"241","arXiv q-bio",2009-07-01,80
"242","Nature Precedings",2009-07-01,54
"243","F1000Research",2009-07-01,0
"244","PeerJ Preprints",2009-07-01,0
"245","bioRxiv",2009-07-01,0
"246","Winnower",2009-07-01,0
"247","preprints.org",2009-07-01,0
"248","Wellcome Open Research",2009-07-01,0
"249","arXiv q-bio",2009-08-01,71
"250","Nature Precedings",2009-08-01,40
"251","F1000Research",2009-08-01,0
"252","PeerJ Preprints",2009-08-01,0
"253","bioRxiv",2009-08-01,0
"254","Winnower",2009-08-01,0
"255","preprints.org",2009-08-01,0
"256","Wellcome Open Research",2009-08-01,0
"257","arXiv q-bio",2009-09-01,75
"258","Nature Precedings",2009-09-01,43
"259","F1000Research",2009-09-01,0
"260","PeerJ Preprints",2009-09-01,0
"261","bioRxiv",2009-09-01,0
"262","Winnower",2009-09-01,0
"263","preprints.org",2009-09-01,0
"264","Wellcome Open Research",2009-09-01,0
"265","arXiv q-bio",2009-10-01,86
"266","Nature Precedings",2009-10-01,44
"267","F1000Research",2009-10-01,0
"268","PeerJ Preprints",2009-10-01,0
"269","bioRxiv",2009-10-01,0
"270","Winnower",2009-10-01,0
"271","preprints.org",2009-10-01,0
"272","Wellcome Open Research",2009-10-01,0
"273","arXiv q-bio",2009-11-01,80
"274","Nature Precedings",2009-11-01,30
"275","F1000Research",2009-11-01,0
"276","PeerJ Preprints",2009-11-01,0
"277","bioRxiv",2009-11-01,0
"278","Winnower",2009-11-01,0
"279","preprints.org",2009-11-01,0
"280","Wellcome Open Research",2009-11-01,0
"281","arXiv q-bio",2009-12-01,93
"282","Nature Precedings",2009-12-01,18
"283","F1000Research",2009-12-01,0
"284","PeerJ Preprints",2009-12-01,0
"285","bioRxiv",2009-12-01,0
"286","Winnower",2009-12-01,0
"287","preprints.org",2009-12-01,0
"288","Wellcome Open Research",2009-12-01,0
"289","arXiv q-bio",2010-01-01,78
"290","Nature Precedings",2010-01-01,32
"291","F1000Research",2010-01-01,0
"292","PeerJ Preprints",2010-01-01,0
"293","bioRxiv",2010-01-01,0
"294","Winnower",2010-01-01,0
"295","preprints.org",2010-01-01,0
"296","Wellcome Open Research",2010-01-01,0
"297","arXiv q-bio",2010-02-01,89
"298","Nature Precedings",2010-02-01,27
"299","F1000Research",2010-02-01,0
"300","PeerJ Preprints",2010-02-01,0
"301","bioRxiv",2010-02-01,0
"302","Winnower",2010-02-01,0
"303","preprints.org",2010-02-01,0
"304","Wellcome Open Research",2010-02-01,0
"305","arXiv q-bio",2010-03-01,112
"306","Nature Precedings",2010-03-01,35
"307","F1000Research",2010-03-01,0
"308","PeerJ Preprints",2010-03-01,0
"309","bioRxiv",2010-03-01,0
"310","Winnower",2010-03-01,0
"311","preprints.org",2010-03-01,0
"312","Wellcome Open Research",2010-03-01,0
"313","arXiv q-bio",2010-04-01,90
"314","Nature Precedings",2010-04-01,34
"315","F1000Research",2010-04-01,0
"316","PeerJ Preprints",2010-04-01,0
"317","bioRxiv",2010-04-01,0
"318","Winnower",2010-04-01,0
"319","preprints.org",2010-04-01,0
"320","Wellcome Open Research",2010-04-01,0
"321","arXiv q-bio",2010-05-01,89
"322","Nature Precedings",2010-05-01,34
"323","F1000Research",2010-05-01,0
"324","PeerJ Preprints",2010-05-01,0
"325","bioRxiv",2010-05-01,0
"326","Winnower",2010-05-01,0
"327","preprints.org",2010-05-01,0
"328","Wellcome Open Research",2010-05-01,0
"329","arXiv q-bio",2010-06-01,99
"330","Nature Precedings",2010-06-01,41
"331","F1000Research",2010-06-01,0
"332","PeerJ Preprints",2010-06-01,0
"333","bioRxiv",2010-06-01,0
"334","Winnower",2010-06-01,0
"335","preprints.org",2010-06-01,0
"336","Wellcome Open Research",2010-06-01,0
"337","arXiv q-bio",2010-07-01,103
"338","Nature Precedings",2010-07-01,44
"339","F1000Research",2010-07-01,0
"340","PeerJ Preprints",2010-07-01,0
"341","bioRxiv",2010-07-01,0
"342","Winnower",2010-07-01,0
"343","preprints.org",2010-07-01,0
"344","Wellcome Open Research",2010-07-01,0
"345","arXiv q-bio",2010-08-01,90
"346","Nature Precedings",2010-08-01,45
"347","F1000Research",2010-08-01,0
"348","PeerJ Preprints",2010-08-01,0
"349","bioRxiv",2010-08-01,0
"350","Winnower",2010-08-01,0
"351","preprints.org",2010-08-01,0
"352","Wellcome Open Research",2010-08-01,0
"353","arXiv q-bio",2010-09-01,79
"354","Nature Precedings",2010-09-01,47
"355","F1000Research",2010-09-01,0
"356","PeerJ Preprints",2010-09-01,0
"357","bioRxiv",2010-09-01,0
"358","Winnower",2010-09-01,0
"359","preprints.org",2010-09-01,0
"360","Wellcome Open Research",2010-09-01,0
"361","arXiv q-bio",2010-10-01,101
"362","Nature Precedings",2010-10-01,46
"363","F1000Research",2010-10-01,0
"364","PeerJ Preprints",2010-10-01,0
"365","bioRxiv",2010-10-01,0
"366","Winnower",2010-10-01,0
"367","preprints.org",2010-10-01,0
"368","Wellcome Open Research",2010-10-01,0
"369","arXiv q-bio",2010-11-01,96
"370","Nature Precedings",2010-11-01,43
"371","F1000Research",2010-11-01,0
"372","PeerJ Preprints",2010-11-01,0
"373","bioRxiv",2010-11-01,0
"374","Winnower",2010-11-01,0
"375","preprints.org",2010-11-01,0
"376","Wellcome Open Research",2010-11-01,0
"377","arXiv q-bio",2010-12-01,120
"378","Nature Precedings",2010-12-01,37
"379","F1000Research",2010-12-01,0
"380","PeerJ Preprints",2010-12-01,0
"381","bioRxiv",2010-12-01,0
"382","Winnower",2010-12-01,0
"383","preprints.org",2010-12-01,0
"384","Wellcome Open Research",2010-12-01,0
"385","arXiv q-bio",2011-01-01,106
"386","Nature Precedings",2011-01-01,40
"387","F1000Research",2011-01-01,0
"388","PeerJ Preprints",2011-01-01,0
"389","bioRxiv",2011-01-01,0
"390","Winnower",2011-01-01,0
"391","preprints.org",2011-01-01,0
"392","Wellcome Open Research",2011-01-01,0
"393","arXiv q-bio",2011-02-01,105
"394","Nature Precedings",2011-02-01,40
"395","F1000Research",2011-02-01,0
"396","PeerJ Preprints",2011-02-01,0
"397","bioRxiv",2011-02-01,0
"398","Winnower",2011-02-01,0
"399","preprints.org",2011-02-01,0
"400","Wellcome Open Research",2011-02-01,0
"401","arXiv q-bio",2011-03-01,97
"402","Nature Precedings",2011-03-01,36
"403","F1000Research",2011-03-01,0
"404","PeerJ Preprints",2011-03-01,0
"405","bioRxiv",2011-03-01,0
"406","Winnower",2011-03-01,0
"407","preprints.org",2011-03-01,0
"408","Wellcome Open Research",2011-03-01,0
"409","arXiv q-bio",2011-04-01,106
"410","Nature Precedings",2011-04-01,34
"411","F1000Research",2011-04-01,0
"412","PeerJ Preprints",2011-04-01,0
"413","bioRxiv",2011-04-01,0
"414","Winnower",2011-04-01,0
"415","preprints.org",2011-04-01,0
"416","Wellcome Open Research",2011-04-01,0
"417","arXiv q-bio",2011-05-01,110
"418","Nature Precedings",2011-05-01,18
"419","F1000Research",2011-05-01,0
"420","PeerJ Preprints",2011-05-01,0
"421","bioRxiv",2011-05-01,0
"422","Winnower",2011-05-01,0
"423","preprints.org",2011-05-01,0
"424","Wellcome Open Research",2011-05-01,0
"425","arXiv q-bio",2011-06-01,98
"426","Nature Precedings",2011-06-01,43
"427","F1000Research",2011-06-01,0
"428","PeerJ Preprints",2011-06-01,0
"429","bioRxiv",2011-06-01,0
"430","Winnower",2011-06-01,0
"431","preprints.org",2011-06-01,0
"432","Wellcome Open Research",2011-06-01,0
"433","arXiv q-bio",2011-07-01,101
"434","Nature Precedings",2011-07-01,37
"435","F1000Research",2011-07-01,0
"436","PeerJ Preprints",2011-07-01,0
"437","bioRxiv",2011-07-01,0
"438","Winnower",2011-07-01,0
"439","preprints.org",2011-07-01,0
"440","Wellcome Open Research",2011-07-01,0
"441","arXiv q-bio",2011-08-01,107
"442","Nature Precedings",2011-08-01,62
"443","F1000Research",2011-08-01,0
"444","PeerJ Preprints",2011-08-01,0
"445","bioRxiv",2011-08-01,0
"446","Winnower",2011-08-01,0
"447","preprints.org",2011-08-01,0
"448","Wellcome Open Research",2011-08-01,0
"449","arXiv q-bio",2011-09-01,123
"450","Nature Precedings",2011-09-01,42
"451","F1000Research",2011-09-01,0
"452","PeerJ Preprints",2011-09-01,0
"453","bioRxiv",2011-09-01,0
"454","Winnower",2011-09-01,0
"455","preprints.org",2011-09-01,0
"456","Wellcome Open Research",2011-09-01,0
"457","arXiv q-bio",2011-10-01,118
"458","Nature Precedings",2011-10-01,38
"459","F1000Research",2011-10-01,0
"460","PeerJ Preprints",2011-10-01,0
"461","bioRxiv",2011-10-01,0
"462","Winnower",2011-10-01,0
"463","preprints.org",2011-10-01,0
"464","Wellcome Open Research",2011-10-01,0
"465","arXiv q-bio",2011-11-01,123
"466","Nature Precedings",2011-11-01,44
"467","F1000Research",2011-11-01,0
"468","PeerJ Preprints",2011-11-01,0
"469","bioRxiv",2011-11-01,0
"470","Winnower",2011-11-01,0
"471","preprints.org",2011-11-01,0
"472","Wellcome Open Research",2011-11-01,0
"473","arXiv q-bio",2011-12-01,139
"474","Nature Precedings",2011-12-01,37
"475","F1000Research",2011-12-01,0
"476","PeerJ Preprints",2011-12-01,0
"477","bioRxiv",2011-12-01,0
"478","Winnower",2011-12-01,0
"479","preprints.org",2011-12-01,0
"480","Wellcome Open Research",2011-12-01,0
"481","arXiv q-bio",2012-01-01,118
"482","Nature Precedings",2012-01-01,46
"483","F1000Research",2012-01-01,0
"484","PeerJ Preprints",2012-01-01,0
"485","bioRxiv",2012-01-01,0
"486","Winnower",2012-01-01,0
"487","preprints.org",2012-01-01,0
"488","Wellcome Open Research",2012-01-01,0
"489","arXiv q-bio",2012-02-01,123
"490","Nature Precedings",2012-02-01,24
"491","F1000Research",2012-02-01,0
"492","PeerJ Preprints",2012-02-01,0
"493","bioRxiv",2012-02-01,0
"494","Winnower",2012-02-01,0
"495","preprints.org",2012-02-01,0
"496","Wellcome Open Research",2012-02-01,0
"497","arXiv q-bio",2012-03-01,122
"498","Nature Precedings",2012-03-01,54
"499","F1000Research",2012-03-01,0
"500","PeerJ Preprints",2012-03-01,0
"501","bioRxiv",2012-03-01,0
"502","Winnower",2012-03-01,0
"503","preprints.org",2012-03-01,0
"504","Wellcome Open Research",2012-03-01,0
"505","arXiv q-bio",2012-04-01,127
"506","Nature Precedings",2012-04-01,50
"507","F1000Research",2012-04-01,0
"508","PeerJ Preprints",2012-04-01,0
"509","bioRxiv",2012-04-01,0
"510","Winnower",2012-04-01,0
"511","preprints.org",2012-04-01,0
"512","Wellcome Open Research",2012-04-01,0
"513","arXiv q-bio",2012-05-01,135
"514","Nature Precedings",2012-05-01,0
"515","F1000Research",2012-05-01,0
"516","PeerJ Preprints",2012-05-01,0
"517","bioRxiv",2012-05-01,0
"518","Winnower",2012-05-01,0
"519","preprints.org",2012-05-01,0
"520","Wellcome Open Research",2012-05-01,0
"521","arXiv q-bio",2012-06-01,148
"522","Nature Precedings",2012-06-01,0
"523","F1000Research",2012-06-01,0
"524","PeerJ Preprints",2012-06-01,0
"525","bioRxiv",2012-06-01,0
"526","Winnower",2012-06-01,0
"527","preprints.org",2012-06-01,0
"528","Wellcome Open Research",2012-06-01,0
"529","arXiv q-bio",2012-07-01,155
"530","Nature Precedings",2012-07-01,0
"531","F1000Research",2012-07-01,5
"532","PeerJ Preprints",2012-07-01,0
"533","bioRxiv",2012-07-01,0
"534","Winnower",2012-07-01,0
"535","preprints.org",2012-07-01,0
"536","Wellcome Open Research",2012-07-01,0
"537","arXiv q-bio",2012-08-01,143
"538","Nature Precedings",2012-08-01,0
"539","F1000Research",2012-08-01,4
"540","PeerJ Preprints",2012-08-01,0
"541","bioRxiv",2012-08-01,0
"542","Winnower",2012-08-01,0
"543","preprints.org",2012-08-01,0
"544","Wellcome Open Research",2012-08-01,0
"545","arXiv q-bio",2012-09-01,172
"546","Nature Precedings",2012-09-01,0
"547","F1000Research",2012-09-01,7
"548","PeerJ Preprints",2012-09-01,0
"549","bioRxiv",2012-09-01,0
"550","Winnower",2012-09-01,0
"551","preprints.org",2012-09-01,0
"552","Wellcome Open Research",2012-09-01,0
"553","arXiv q-bio",2012-10-01,198
"554","Nature Precedings",2012-10-01,0
"555","F1000Research",2012-10-01,15
"556","PeerJ Preprints",2012-10-01,0
"557","bioRxiv",2012-10-01,0
"558","Winnower",2012-10-01,0
"559","preprints.org",2012-10-01,0
"560","Wellcome Open Research",2012-10-01,0
"561","arXiv q-bio",2012-11-01,151
"562","Nature Precedings",2012-11-01,0
"563","F1000Research",2012-11-01,18
"564","PeerJ Preprints",2012-11-01,0
"565","bioRxiv",2012-11-01,0
"566","Winnower",2012-11-01,0
"567","preprints.org",2012-11-01,0
"568","Wellcome Open Research",2012-11-01,0
"569","arXiv q-bio",2012-12-01,171
"570","Nature Precedings",2012-12-01,0
"571","F1000Research",2012-12-01,14
"572","PeerJ Preprints",2012-12-01,0
"573","bioRxiv",2012-12-01,0
"574","Winnower",2012-12-01,0
"575","preprints.org",2012-12-01,0
"576","Wellcome Open Research",2012-12-01,0
"577","arXiv q-bio",2013-01-01,178
"578","Nature Precedings",2013-01-01,0
"579","F1000Research",2013-01-01,22
"580","PeerJ Preprints",2013-01-01,0
"581","bioRxiv",2013-01-01,0
"582","Winnower",2013-01-01,0
"583","preprints.org",2013-01-01,0
"584","Wellcome Open Research",2013-01-01,0
"585","arXiv q-bio",2013-02-01,161
"586","Nature Precedings",2013-02-01,0
"587","F1000Research",2013-02-01,24
"588","PeerJ Preprints",2013-02-01,0
"589","bioRxiv",2013-02-01,0
"590","Winnower",2013-02-01,0
"591","preprints.org",2013-02-01,0
"592","Wellcome Open Research",2013-02-01,0
"593","arXiv q-bio",2013-03-01,160
"594","Nature Precedings",2013-03-01,0
"595","F1000Research",2013-03-01,24
"596","PeerJ Preprints",2013-03-01,0
"597","bioRxiv",2013-03-01,0
"598","Winnower",2013-03-01,0
"599","preprints.org",2013-03-01,0
"600","Wellcome Open Research",2013-03-01,0
"601","arXiv q-bio",2013-04-01,203
"602","Nature Precedings",2013-04-01,0
"603","F1000Research",2013-04-01,20
"604","PeerJ Preprints",2013-04-01,9
"605","bioRxiv",2013-04-01,0
"606","Winnower",2013-04-01,0
"607","preprints.org",2013-04-01,0
"608","Wellcome Open Research",2013-04-01,0
"609","arXiv q-bio",2013-05-01,200
"610","Nature Precedings",2013-05-01,0
"611","F1000Research",2013-05-01,17
"612","PeerJ Preprints",2013-05-01,11
"613","bioRxiv",2013-05-01,0
"614","Winnower",2013-05-01,0
"615","preprints.org",2013-05-01,0
"616","Wellcome Open Research",2013-05-01,0
"617","arXiv q-bio",2013-06-01,177
"618","Nature Precedings",2013-06-01,0
"619","F1000Research",2013-06-01,9
"620","PeerJ Preprints",2013-06-01,8
"621","bioRxiv",2013-06-01,0
"622","Winnower",2013-06-01,0
"623","preprints.org",2013-06-01,0
"624","Wellcome Open Research",2013-06-01,0
"625","arXiv q-bio",2013-07-01,237
"626","Nature Precedings",2013-07-01,0
"627","F1000Research",2013-07-01,22
"628","PeerJ Preprints",2013-07-01,9
"629","bioRxiv",2013-07-01,0
"630","Winnower",2013-07-01,0
"631","preprints.org",2013-07-01,0
"632","Wellcome Open Research",2013-07-01,0
"633","arXiv q-bio",2013-08-01,197
"634","Nature Precedings",2013-08-01,0
"635","F1000Research",2013-08-01,14
"636","PeerJ Preprints",2013-08-01,7
"637","bioRxiv",2013-08-01,0
"638","Winnower",2013-08-01,0
"639","preprints.org",2013-08-01,0
"640","Wellcome Open Research",2013-08-01,0
"641","arXiv q-bio",2013-09-01,234
"642","Nature Precedings",2013-09-01,0
"643","F1000Research",2013-09-01,15
"644","PeerJ Preprints",2013-09-01,16
"645","bioRxiv",2013-09-01,0
"646","Winnower",2013-09-01,0
"647","preprints.org",2013-09-01,0
"648","Wellcome Open Research",2013-09-01,0
"649","arXiv q-bio",2013-10-01,214
"650","Nature Precedings",2013-10-01,0
"651","F1000Research",2013-10-01,25
"652","PeerJ Preprints",2013-10-01,14
"653","bioRxiv",2013-10-01,0
"654","Winnower",2013-10-01,0
"655","preprints.org",2013-10-01,0
"656","Wellcome Open Research",2013-10-01,0
"657","arXiv q-bio",2013-11-01,168
"658","Nature Precedings",2013-11-01,0
"659","F1000Research",2013-11-01,26
"660","PeerJ Preprints",2013-11-01,35
"661","bioRxiv",2013-11-01,39
"662","Winnower",2013-11-01,0
"663","preprints.org",2013-11-01,0
"664","Wellcome Open Research",2013-11-01,0
"665","arXiv q-bio",2013-12-01,199
"666","Nature Precedings",2013-12-01,0
"667","F1000Research",2013-12-01,27
"668","PeerJ Preprints",2013-12-01,48
"669","bioRxiv",2013-12-01,38
"670","Winnower",2013-12-01,0
"671","preprints.org",2013-12-01,0
"672","Wellcome Open Research",2013-12-01,0
"673","arXiv q-bio",2014-01-01,136
"674","Nature Precedings",2014-01-01,0
"675","F1000Research",2014-01-01,26
"676","PeerJ Preprints",2014-01-01,40
"677","bioRxiv",2014-01-01,44
"678","Winnower",2014-01-01,0
"679","preprints.org",2014-01-01,0
"680","Wellcome Open Research",2014-01-01,0
"681","arXiv q-bio",2014-02-01,171
"682","Nature Precedings",2014-02-01,0
"683","F1000Research",2014-02-01,29
"684","PeerJ Preprints",2014-02-01,26
"685","bioRxiv",2014-02-01,51
"686","Winnower",2014-02-01,0
"687","preprints.org",2014-02-01,0
"688","Wellcome Open Research",2014-02-01,0
"689","arXiv q-bio",2014-03-01,196
"690","Nature Precedings",2014-03-01,0
"691","F1000Research",2014-03-01,19
"692","PeerJ Preprints",2014-03-01,82
"693","bioRxiv",2014-03-01,44
"694","Winnower",2014-03-01,0
"695","preprints.org",2014-03-01,0
"696","Wellcome Open Research",2014-03-01,0
"697","arXiv q-bio",2014-04-01,193
"698","Nature Precedings",2014-04-01,0
"699","F1000Research",2014-04-01,20
"700","PeerJ Preprints",2014-04-01,35
"701","bioRxiv",2014-04-01,55
"702","Winnower",2014-04-01,0
"703","preprints.org",2014-04-01,0
"704","Wellcome Open Research",2014-04-01,0
"705","arXiv q-bio",2014-05-01,166
"706","Nature Precedings",2014-05-01,0
"707","F1000Research",2014-05-01,22
"708","PeerJ Preprints",2014-05-01,26
"709","bioRxiv",2014-05-01,62
"710","Winnower",2014-05-01,4
"711","preprints.org",2014-05-01,0
"712","Wellcome Open Research",2014-05-01,0
"713","arXiv q-bio",2014-06-01,180
"714","Nature Precedings",2014-06-01,0
"715","F1000Research",2014-06-01,21
"716","PeerJ Preprints",2014-06-01,27
"717","bioRxiv",2014-06-01,75
"718","Winnower",2014-06-01,5
"719","preprints.org",2014-06-01,0
"720","Wellcome Open Research",2014-06-01,0
"721","arXiv q-bio",2014-07-01,227
"722","Nature Precedings",2014-07-01,0
"723","F1000Research",2014-07-01,31
"724","PeerJ Preprints",2014-07-01,26
"725","bioRxiv",2014-07-01,60
"726","Winnower",2014-07-01,4
"727","preprints.org",2014-07-01,0
"728","Wellcome Open Research",2014-07-01,0
"729","arXiv q-bio",2014-08-01,161
"730","Nature Precedings",2014-08-01,0
"731","F1000Research",2014-08-01,28
"732","PeerJ Preprints",2014-08-01,36
"733","bioRxiv",2014-08-01,82
"734","Winnower",2014-08-01,3
"735","preprints.org",2014-08-01,0
"736","Wellcome Open Research",2014-08-01,0
"737","arXiv q-bio",2014-09-01,194
"738","Nature Precedings",2014-09-01,0
"739","F1000Research",2014-09-01,31
"740","PeerJ Preprints",2014-09-01,35
"741","bioRxiv",2014-09-01,82
"742","Winnower",2014-09-01,2
"743","preprints.org",2014-09-01,0
"744","Wellcome Open Research",2014-09-01,0
"745","arXiv q-bio",2014-10-01,192
"746","Nature Precedings",2014-10-01,0
"747","F1000Research",2014-10-01,32
"748","PeerJ Preprints",2014-10-01,53
"749","bioRxiv",2014-10-01,84
"750","Winnower",2014-10-01,4
"751","preprints.org",2014-10-01,0
"752","Wellcome Open Research",2014-10-01,0
"753","arXiv q-bio",2014-11-01,194
"754","Nature Precedings",2014-11-01,0
"755","F1000Research",2014-11-01,22
"756","PeerJ Preprints",2014-11-01,64
"757","bioRxiv",2014-11-01,76
"758","Winnower",2014-11-01,5
"759","preprints.org",2014-11-01,0
"760","Wellcome Open Research",2014-11-01,0
"761","arXiv q-bio",2014-12-01,197
"762","Nature Precedings",2014-12-01,0
"763","F1000Research",2014-12-01,27
"764","PeerJ Preprints",2014-12-01,113
"765","bioRxiv",2014-12-01,91
"766","Winnower",2014-12-01,4
"767","preprints.org",2014-12-01,0
"768","Wellcome Open Research",2014-12-01,0
"769","arXiv q-bio",2015-01-01,187
"770","Nature Precedings",2015-01-01,0
"771","F1000Research",2015-01-01,28
"772","PeerJ Preprints",2015-01-01,42
"773","bioRxiv",2015-01-01,101
"774","Winnower",2015-01-01,7
"775","preprints.org",2015-01-01,0
"776","Wellcome Open Research",2015-01-01,0
"777","arXiv q-bio",2015-02-01,168
"778","Nature Precedings",2015-02-01,0
"779","F1000Research",2015-02-01,22
"780","PeerJ Preprints",2015-02-01,49
"781","bioRxiv",2015-02-01,86
"782","Winnower",2015-02-01,0
"783","preprints.org",2015-02-01,0
"784","Wellcome Open Research",2015-02-01,0
"785","arXiv q-bio",2015-03-01,197
"786","Nature Precedings",2015-03-01,0
"787","F1000Research",2015-03-01,19
"788","PeerJ Preprints",2015-03-01,76
"789","bioRxiv",2015-03-01,114
"790","Winnower",2015-03-01,16
"791","preprints.org",2015-03-01,0
"792","Wellcome Open Research",2015-03-01,0
"793","arXiv q-bio",2015-04-01,173
"794","Nature Precedings",2015-04-01,0
"795","F1000Research",2015-04-01,29
"796","PeerJ Preprints",2015-04-01,72
"797","bioRxiv",2015-04-01,119
"798","Winnower",2015-04-01,28
"799","preprints.org",2015-04-01,0
"800","Wellcome Open Research",2015-04-01,0
"801","arXiv q-bio",2015-05-01,216
"802","Nature Precedings",2015-05-01,0
"803","F1000Research",2015-05-01,41
"804","PeerJ Preprints",2015-05-01,121
"805","bioRxiv",2015-05-01,102
"806","Winnower",2015-05-01,21
"807","preprints.org",2015-05-01,0
"808","Wellcome Open Research",2015-05-01,0
"809","arXiv q-bio",2015-06-01,179
"810","Nature Precedings",2015-06-01,0
"811","F1000Research",2015-06-01,36
"812","PeerJ Preprints",2015-06-01,57
"813","bioRxiv",2015-06-01,123
"814","Winnower",2015-06-01,12
"815","preprints.org",2015-06-01,0
"816","Wellcome Open Research",2015-06-01,0
"817","arXiv q-bio",2015-07-01,180
"818","Nature Precedings",2015-07-01,0
"819","F1000Research",2015-07-01,52
"820","PeerJ Preprints",2015-07-01,81
"821","bioRxiv",2015-07-01,147
"822","Winnower",2015-07-01,4
"823","preprints.org",2015-07-01,0
"824","Wellcome Open Research",2015-07-01,0
"825","arXiv q-bio",2015-08-01,175
"826","Nature Precedings",2015-08-01,0
"827","F1000Research",2015-08-01,46
"828","PeerJ Preprints",2015-08-01,58
"829","bioRxiv",2015-08-01,144
"830","Winnower",2015-08-01,33
"831","preprints.org",2015-08-01,0
"832","Wellcome Open Research",2015-08-01,0
"833","arXiv q-bio",2015-09-01,185
"834","Nature Precedings",2015-09-01,0
"835","F1000Research",2015-09-01,39
"836","PeerJ Preprints",2015-09-01,85
"837","bioRxiv",2015-09-01,153
"838","Winnower",2015-09-01,46
"839","preprints.org",2015-09-01,0
"840","Wellcome Open Research",2015-09-01,0
"841","arXiv q-bio",2015-10-01,201
"842","Nature Precedings",2015-10-01,0
"843","F1000Research",2015-10-01,41
"844","PeerJ Preprints",2015-10-01,57
"845","bioRxiv",2015-10-01,202
"846","Winnower",2015-10-01,43
"847","preprints.org",2015-10-01,0
"848","Wellcome Open Research",2015-10-01,0
"849","arXiv q-bio",2015-11-01,198
"850","Nature Precedings",2015-11-01,0
"851","F1000Research",2015-11-01,49
"852","PeerJ Preprints",2015-11-01,82
"853","bioRxiv",2015-11-01,221
"854","Winnower",2015-11-01,36
"855","preprints.org",2015-11-01,0
"856","Wellcome Open Research",2015-11-01,0
"857","arXiv q-bio",2015-12-01,230
"858","Nature Precedings",2015-12-01,0
"859","F1000Research",2015-12-01,55
"860","PeerJ Preprints",2015-12-01,74
"861","bioRxiv",2015-12-01,194
"862","Winnower",2015-12-01,29
"863","preprints.org",2015-12-01,0
"864","Wellcome Open Research",2015-12-01,0
"865","arXiv q-bio",2016-01-01,177
"866","Nature Precedings",2016-01-01,0
"867","F1000Research",2016-01-01,60
"868","PeerJ Preprints",2016-01-01,76
"869","bioRxiv",2016-01-01,222
"870","Winnower",2016-01-01,32
"871","preprints.org",2016-01-01,0
"872","Wellcome Open Research",2016-01-01,0
"873","arXiv q-bio",2016-02-01,195
"874","Nature Precedings",2016-02-01,0
"875","F1000Research",2016-02-01,69
"876","PeerJ Preprints",2016-02-01,117
"877","bioRxiv",2016-02-01,304
"878","Winnower",2016-02-01,46
"879","preprints.org",2016-02-01,0
"880","Wellcome Open Research",2016-02-01,0
"881","arXiv q-bio",2016-03-01,181
"882","Nature Precedings",2016-03-01,0
"883","F1000Research",2016-03-01,76
"884","PeerJ Preprints",2016-03-01,128
"885","bioRxiv",2016-03-01,443
"886","Winnower",2016-03-01,34
"887","preprints.org",2016-03-01,0
"888","Wellcome Open Research",2016-03-01,0
"889","arXiv q-bio",2016-04-01,193
"890","Nature Precedings",2016-04-01,0
"891","F1000Research",2016-04-01,76
"892","PeerJ Preprints",2016-04-01,99
"893","bioRxiv",2016-04-01,398
"894","Winnower",2016-04-01,53
"895","preprints.org",2016-04-01,0
"896","Wellcome Open Research",2016-04-01,0
"897","arXiv q-bio",2016-05-01,215
"898","Nature Precedings",2016-05-01,0
"899","F1000Research",2016-05-01,57
"900","PeerJ Preprints",2016-05-01,78
"901","bioRxiv",2016-05-01,387
"902","Winnower",2016-05-01,42
"903","preprints.org",2016-05-01,0
"904","Wellcome Open Research",2016-05-01,0
"905","arXiv q-bio",2016-06-01,200
"906","Nature Precedings",2016-06-01,0
"907","F1000Research",2016-06-01,82
"908","PeerJ Preprints",2016-06-01,102
"909","bioRxiv",2016-06-01,401
"910","Winnower",2016-06-01,48
"911","preprints.org",2016-06-01,0
"912","Wellcome Open Research",2016-06-01,0
"913","arXiv q-bio",2016-07-01,173
"914","Nature Precedings",2016-07-01,0
"915","F1000Research",2016-07-01,29
"916","PeerJ Preprints",2016-07-01,133
"917","bioRxiv",2016-07-01,387
"918","Winnower",2016-07-01,41
"919","preprints.org",2016-07-01,1
"920","Wellcome Open Research",2016-07-01,0
"921","arXiv q-bio",2016-08-01,184
"922","Nature Precedings",2016-08-01,0
"923","F1000Research",2016-08-01,42
"924","PeerJ Preprints",2016-08-01,78
"925","bioRxiv",2016-08-01,448
"926","Winnower",2016-08-01,44
"927","preprints.org",2016-08-01,43
"928","Wellcome Open Research",2016-08-01,0
"929","arXiv q-bio",2016-09-01,227
"930","Nature Precedings",2016-09-01,0
"931","F1000Research",2016-09-01,32
"932","PeerJ Preprints",2016-09-01,89
"933","bioRxiv",2016-09-01,437
"934","Winnower",2016-09-01,46
"935","preprints.org",2016-09-01,33
"936","Wellcome Open Research",2016-09-01,0
"937","arXiv q-bio",2016-10-01,246
"938","Nature Precedings",2016-10-01,0
"939","F1000Research",2016-10-01,31
"940","PeerJ Preprints",2016-10-01,71
"941","bioRxiv",2016-10-01,457
"942","Winnower",2016-10-01,43
"943","preprints.org",2016-10-01,31
"944","Wellcome Open Research",2016-10-01,0
"945","arXiv q-bio",2016-11-01,230
"946","Nature Precedings",2016-11-01,0
"947","F1000Research",2016-11-01,46
"948","PeerJ Preprints",2016-11-01,49
"949","bioRxiv",2016-11-01,463
"950","Winnower",2016-11-01,41
"951","preprints.org",2016-11-01,45
"952","Wellcome Open Research",2016-11-01,19
"953","arXiv q-bio",2016-12-01,194
"954","Nature Precedings",2016-12-01,0
"955","F1000Research",2016-12-01,37
"956","PeerJ Preprints",2016-12-01,63
"957","bioRxiv",2016-12-01,557
"958","Winnower",2016-12-01,27
"959","preprints.org",2016-12-01,35
"960","Wellcome Open Research",2016-12-01,14
"961","arXiv q-bio",2017-01-01,202
"962","Nature Precedings",2017-01-01,0
"963","F1000Research",2017-01-01,34
"964","PeerJ Preprints",2017-01-01,94
"965","bioRxiv",2017-01-01,587
"966","Winnower",2017-01-01,30
"967","preprints.org",2017-01-01,32
"968","Wellcome Open Research",2017-01-01,6
"969","arXiv q-bio",2017-02-01,172
"970","Nature Precedings",2017-02-01,0
"971","F1000Research",2017-02-01,25
"972","PeerJ Preprints",2017-02-01,64
"973","bioRxiv",2017-02-01,622
"974","Winnower",2017-02-01,40
"975","preprints.org",2017-02-01,26
"976","Wellcome Open Research",2017-02-01,9
"977","arXiv q-bio",2017-03-01,235
"978","Nature Precedings",2017-03-01,0
"979","F1000Research",2017-03-01,46
"980","PeerJ Preprints",2017-03-01,64
"981","bioRxiv",2017-03-01,814
"982","Winnower",2017-03-01,40
"983","preprints.org",2017-03-01,62
"984","Wellcome Open Research",2017-03-01,7
"985","arXiv q-bio",2017-04-01,184
"986","Nature Precedings",2017-04-01,0
"987","F1000Research",2017-04-01,35
"988","PeerJ Preprints",2017-04-01,57
"989","bioRxiv",2017-04-01,741
"990","Winnower",2017-04-01,29
"991","preprints.org",2017-04-01,33
"992","Wellcome Open Research",2017-04-01,8
"993","arXiv q-bio",2017-05-01,221
"994","Nature Precedings",2017-05-01,0
"995","F1000Research",2017-05-01,31
"996","PeerJ Preprints",2017-05-01,40
"997","bioRxiv",2017-05-01,958
"998","Winnower",2017-05-01,33
"999","preprints.org",2017-05-01,57
"1000","Wellcome Open Research",2017-05-01,5
"1001","arXiv q-bio",2017-06-01,200
"1002","Nature Precedings",2017-06-01,0
"1003","F1000Research",2017-06-01,41
"1004","PeerJ Preprints",2017-06-01,64
"1005","bioRxiv",2017-06-01,1096
"1006","Winnower",2017-06-01,46
"1007","preprints.org",2017-06-01,27
"1008","Wellcome Open Research",2017-06-01,11
"1009","arXiv q-bio",2017-07-01,196
"1010","Nature Precedings",2017-07-01,0
"1011","F1000Research",2017-07-01,29
"1012","PeerJ Preprints",2017-07-01,55
"1013","bioRxiv",2017-07-01,978
"1014","Winnower",2017-07-01,27
"1015","preprints.org",2017-07-01,24
"1016","Wellcome Open Research",2017-07-01,13
"1017","arXiv q-bio",2017-08-01,191
"1018","Nature Precedings",2017-08-01,0
"1019","F1000Research",2017-08-01,49
"1020","PeerJ Preprints",2017-08-01,97
"1021","bioRxiv",2017-08-01,989
"1022","Winnower",2017-08-01,34
"1023","preprints.org",2017-08-01,26
"1024","Wellcome Open Research",2017-08-01,17
"1025","arXiv q-bio",2017-09-01,190
"1026","Nature Precedings",2017-09-01,0
"1027","F1000Research",2017-09-01,39
"1028","PeerJ Preprints",2017-09-01,92
"1029","bioRxiv",2017-09-01,1062
"1030","Winnower",2017-09-01,22
"1031","preprints.org",2017-09-01,40
"1032","Wellcome Open Research",2017-09-01,19
"1033","arXiv q-bio",2017-10-01,258
"1034","Nature Precedings",2017-10-01,0
"1035","F1000Research",2017-10-01,36
"1036","PeerJ Preprints",2017-10-01,77
"1037","bioRxiv",2017-10-01,1209
"1038","Winnower",2017-10-01,34
"1039","preprints.org",2017-10-01,42
"1040","Wellcome Open Research",2017-10-01,10
"1041","arXiv q-bio",2017-11-01,202
"1042","Nature Precedings",2017-11-01,0
"1043","F1000Research",2017-11-01,47
"1044","PeerJ Preprints",2017-11-01,58
"1045","bioRxiv",2017-11-01,1190
"1046","Winnower",2017-11-01,30
"1047","preprints.org",2017-11-01,49
"1048","Wellcome Open Research",2017-11-01,9
"1049","arXiv q-bio",2017-12-01,191
"1050","Nature Precedings",2017-12-01,0
"1051","F1000Research",2017-12-01,28
"1052","PeerJ Preprints",2017-12-01,58
"1053","bioRxiv",2017-12-01,1099
"1054","Winnower",2017-12-01,20
"1055","preprints.org",2017-12-01,34
"1056","Wellcome Open Research",2017-12-01,7
"1057","arXiv q-bio",2018-01-01,237
"1058","Nature Precedings",2018-01-01,0
"1059","F1000Research",2018-01-01,47
"1060","PeerJ Preprints",2018-01-01,67
"1061","bioRxiv",2018-01-01,1239
"1062","Winnower",2018-01-01,23
"1063","preprints.org",2018-01-01,77
"1064","Wellcome Open Research",2018-01-01,7
"1065","arXiv q-bio",2018-02-01,209
"1066","Nature Precedings",2018-02-01,0
"1067","F1000Research",2018-02-01,59
"1068","PeerJ Preprints",2018-02-01,107
"1069","bioRxiv",2018-02-01,1232
"1070","Winnower",2018-02-01,27
"1071","preprints.org",2018-02-01,45
"1072","Wellcome Open Research",2018-02-01,11
"1073","arXiv q-bio",2018-03-01,220
"1074","Nature Precedings",2018-03-01,0
"1075","F1000Research",2018-03-01,59
"1076","PeerJ Preprints",2018-03-01,232
"1077","bioRxiv",2018-03-01,1484
"1078","Winnower",2018-03-01,18
"1079","preprints.org",2018-03-01,76
"1080","Wellcome Open Research",2018-03-01,16
